FOLDER_NAME; DATASET_NAME; ORIGINAL_NAME
participant_0; decathlon_dataset_pp; participant_07
participant_1; decathlon_dataset_pp; participant_47
participant_2; decathlon_dataset_pp; participant_18
participant_3; decathlon_dataset_pp; participant_00
participant_4; decathlon_dataset_pp; participant_01
participant_5; decathlon_dataset_pp; participant_35
participant_6; decathlon_dataset_pp; participant_42
participant_7; decathlon_dataset_pp; participant_24
participant_8; decathlon_dataset_pp; participant_39
participant_9; decathlon_dataset_pp; participant_16
participant_10; decathlon_dataset_pp; participant_38
participant_11; decathlon_dataset_pp; participant_21
participant_12; decathlon_dataset_pp; participant_17
participant_13; decathlon_dataset_pp; participant_32
participant_14; decathlon_dataset_pp; participant_40
participant_15; decathlon_dataset_pp; participant_37
participant_16; decathlon_dataset_pp; participant_41
participant_17; decathlon_dataset_pp; participant_13
participant_18; decathlon_dataset_pp; participant_46
participant_19; decathlon_dataset_pp; participant_44
participant_20; decathlon_dataset_pp; participant_10
participant_21; decathlon_dataset_pp; participant_06
participant_22; decathlon_dataset_pp; participant_25
participant_23; decathlon_dataset_pp; participant_14
participant_24; decathlon_dataset_pp; participant_02
participant_25; decathlon_dataset_pp; participant_28
participant_26; decathlon_dataset_pp; participant_43
participant_27; decathlon_dataset_pp; participant_31
participant_28; decathlon_dataset_pp; participant_20
participant_29; decathlon_dataset_pp; participant_04
participant_30; decathlon_dataset_pp; participant_29
participant_31; decathlon_dataset_pp; participant_34
participant_32; promise_no_bobbina_dataset_pp; participant_18
participant_33; promise_no_bobbina_dataset_pp; participant_22
participant_34; promise_no_bobbina_dataset_pp; participant_01
participant_35; promise_no_bobbina_dataset_pp; participant_33
participant_36; promise_no_bobbina_dataset_pp; participant_35
participant_37; promise_no_bobbina_dataset_pp; participant_24
participant_38; promise_no_bobbina_dataset_pp; participant_27
participant_39; promise_no_bobbina_dataset_pp; participant_30
participant_40; promise_no_bobbina_dataset_pp; participant_16
participant_41; promise_no_bobbina_dataset_pp; participant_38
participant_42; promise_no_bobbina_dataset_pp; participant_21
participant_43; promise_no_bobbina_dataset_pp; participant_17
participant_44; promise_no_bobbina_dataset_pp; participant_19
participant_45; promise_no_bobbina_dataset_pp; participant_36
participant_46; promise_no_bobbina_dataset_pp; participant_26
participant_47; promise_no_bobbina_dataset_pp; participant_32
participant_48; promise_no_bobbina_dataset_pp; participant_37
participant_49; promise_no_bobbina_dataset_pp; participant_13
participant_50; promise_no_bobbina_dataset_pp; participant_25
participant_51; promise_no_bobbina_dataset_pp; participant_14
participant_52; promise_no_bobbina_dataset_pp; participant_28
participant_53; promise_no_bobbina_dataset_pp; participant_31
participant_54; promise_no_bobbina_dataset_pp; participant_15
participant_55; promise_no_bobbina_dataset_pp; participant_20
participant_56; promise_no_bobbina_dataset_pp; participant_23
participant_57; promise_no_bobbina_dataset_pp; participant_29
participant_58; promise_no_bobbina_dataset_pp; participant_34
participant_59; promise_bobbina_dataset_pp; participant_07
participant_60; promise_bobbina_dataset_pp; participant_47
participant_61; promise_bobbina_dataset_pp; participant_00
participant_62; promise_bobbina_dataset_pp; participant_42
participant_63; promise_bobbina_dataset_pp; participant_39
participant_64; promise_bobbina_dataset_pp; participant_12
participant_65; promise_bobbina_dataset_pp; participant_48
participant_66; promise_bobbina_dataset_pp; participant_08
participant_67; promise_bobbina_dataset_pp; participant_40
participant_68; promise_bobbina_dataset_pp; participant_05
participant_69; promise_bobbina_dataset_pp; participant_11
participant_70; promise_bobbina_dataset_pp; participant_45
participant_71; promise_bobbina_dataset_pp; participant_41
participant_72; promise_bobbina_dataset_pp; participant_46
participant_73; promise_bobbina_dataset_pp; participant_09
participant_74; promise_bobbina_dataset_pp; participant_44
participant_75; promise_bobbina_dataset_pp; participant_10
participant_76; promise_bobbina_dataset_pp; participant_06
participant_77; promise_bobbina_dataset_pp; participant_49
participant_78; promise_bobbina_dataset_pp; participant_02
participant_79; promise_bobbina_dataset_pp; participant_43
participant_80; promise_bobbina_dataset_pp; participant_03
participant_81; promise_bobbina_dataset_pp; participant_04
participant_82; prostatex_dataset_skyra_pp_skyra; participant_0126
participant_83; prostatex_dataset_skyra_pp_skyra; participant_0078
participant_84; prostatex_dataset_skyra_pp_skyra; participant_0181
participant_85; prostatex_dataset_skyra_pp_skyra; participant_0163
participant_86; prostatex_dataset_skyra_pp_skyra; participant_0153
participant_87; prostatex_dataset_skyra_pp_skyra; participant_0025
participant_88; prostatex_dataset_skyra_pp_skyra; participant_0035
participant_89; prostatex_dataset_skyra_pp_skyra; participant_0106
participant_90; prostatex_dataset_skyra_pp_skyra; participant_0048
participant_91; prostatex_dataset_skyra_pp_skyra; participant_0101
participant_92; prostatex_dataset_skyra_pp_skyra; participant_0056
participant_93; prostatex_dataset_skyra_pp_skyra; participant_0008
participant_94; prostatex_dataset_skyra_pp_skyra; participant_0159
participant_95; prostatex_dataset_skyra_pp_skyra; participant_0019
participant_96; prostatex_dataset_skyra_pp_skyra; participant_0187
participant_97; prostatex_dataset_skyra_pp_skyra; participant_0073
participant_98; prostatex_dataset_skyra_pp_skyra; participant_0176
participant_99; prostatex_dataset_skyra_pp_skyra; participant_0041
participant_100; prostatex_dataset_skyra_pp_skyra; participant_0177
participant_101; prostatex_dataset_skyra_pp_skyra; participant_0149
participant_102; prostatex_dataset_skyra_pp_skyra; participant_0027
participant_103; prostatex_dataset_skyra_pp_skyra; participant_0185
participant_104; prostatex_dataset_skyra_pp_skyra; participant_0151
participant_105; prostatex_dataset_skyra_pp_skyra; participant_0194
participant_106; prostatex_dataset_skyra_pp_skyra; participant_0197
participant_107; prostatex_dataset_skyra_pp_skyra; participant_0068
participant_108; prostatex_dataset_skyra_pp_skyra; participant_0053
participant_109; prostatex_dataset_skyra_pp_skyra; participant_0094
participant_110; prostatex_dataset_skyra_pp_skyra; participant_0076
participant_111; prostatex_dataset_skyra_pp_skyra; participant_0169
participant_112; prostatex_dataset_skyra_pp_skyra; participant_0121
participant_113; prostatex_dataset_skyra_pp_skyra; participant_0192
participant_114; prostatex_dataset_skyra_pp_skyra; participant_0160
participant_115; prostatex_dataset_skyra_pp_skyra; participant_0005
participant_116; prostatex_dataset_skyra_pp_skyra; participant_0179
participant_117; prostatex_dataset_skyra_pp_skyra; participant_0190
participant_118; prostatex_dataset_skyra_pp_skyra; participant_0186
participant_119; prostatex_dataset_skyra_pp_skyra; participant_0103
participant_120; prostatex_dataset_skyra_pp_skyra; participant_0102
participant_121; prostatex_dataset_skyra_pp_skyra; participant_0061
participant_122; prostatex_dataset_skyra_pp_skyra; participant_0166
participant_123; prostatex_dataset_skyra_pp_skyra; participant_0136
participant_124; prostatex_dataset_skyra_pp_skyra; participant_0029
participant_125; prostatex_dataset_skyra_pp_skyra; participant_0195
participant_126; prostatex_dataset_skyra_pp_skyra; participant_0188
participant_127; prostatex_dataset_skyra_pp_skyra; participant_0075
participant_128; prostatex_dataset_skyra_pp_skyra; participant_0051
participant_129; prostatex_dataset_skyra_pp_skyra; participant_0060
participant_130; prostatex_dataset_skyra_pp_skyra; participant_0054
participant_131; prostatex_dataset_skyra_pp_skyra; participant_0021
participant_132; prostatex_dataset_skyra_pp_skyra; participant_0161
participant_133; prostatex_dataset_skyra_pp_skyra; participant_0114
participant_134; prostatex_dataset_skyra_pp_skyra; participant_0116
participant_135; prostatex_dataset_skyra_pp_skyra; participant_0000
participant_136; prostatex_dataset_skyra_pp_skyra; participant_0074
participant_137; prostatex_dataset_skyra_pp_skyra; participant_0143
participant_138; prostatex_dataset_skyra_pp_skyra; participant_0123
participant_139; prostatex_dataset_skyra_pp_skyra; participant_0022
participant_140; prostatex_dataset_skyra_pp_skyra; participant_0014
participant_141; prostatex_dataset_skyra_pp_skyra; participant_0140
participant_142; prostatex_dataset_skyra_pp_skyra; participant_0162
participant_143; prostatex_dataset_skyra_pp_skyra; participant_0003
participant_144; prostatex_dataset_skyra_pp_skyra; participant_0157
participant_145; prostatex_dataset_skyra_pp_skyra; participant_0010
participant_146; prostatex_dataset_skyra_pp_skyra; participant_0057
participant_147; prostatex_dataset_skyra_pp_skyra; participant_0004
participant_148; prostatex_dataset_skyra_pp_skyra; participant_0165
participant_149; prostatex_dataset_skyra_pp_skyra; participant_0028
participant_150; prostatex_dataset_skyra_pp_skyra; participant_0171
participant_151; prostatex_dataset_skyra_pp_skyra; participant_0069
participant_152; prostatex_dataset_skyra_pp_skyra; participant_0012
participant_153; prostatex_dataset_skyra_pp_skyra; participant_0016
participant_154; prostatex_dataset_skyra_pp_skyra; participant_0146
participant_155; prostatex_dataset_skyra_pp_skyra; participant_0155
participant_156; prostatex_dataset_skyra_pp_skyra; participant_0142
participant_157; prostatex_dataset_skyra_pp_skyra; participant_0119
participant_158; prostatex_dataset_skyra_pp_skyra; participant_0100
participant_159; prostatex_dataset_skyra_pp_skyra; participant_0031
participant_160; prostatex_dataset_skyra_pp_skyra; participant_0045
participant_161; prostatex_dataset_skyra_pp_skyra; participant_0062
participant_162; prostatex_dataset_skyra_pp_skyra; participant_0043
participant_163; prostatex_dataset_skyra_pp_skyra; participant_0128
participant_164; prostatex_dataset_skyra_pp_skyra; participant_0164
participant_165; prostatex_dataset_skyra_pp_skyra; participant_0071
participant_166; prostatex_dataset_skyra_pp_skyra; participant_0050
participant_167; prostatex_dataset_skyra_pp_skyra; participant_0135
participant_168; prostatex_dataset_skyra_pp_skyra; participant_0117
participant_169; prostatex_dataset_skyra_pp_skyra; participant_0037
participant_170; prostatex_dataset_skyra_pp_skyra; participant_0133
participant_171; prostatex_dataset_skyra_pp_skyra; participant_0046
participant_172; prostatex_dataset_skyra_pp_skyra; participant_0105
participant_173; prostatex_dataset_skyra_pp_skyra; participant_0059
participant_174; prostatex_dataset_skyra_pp_skyra; participant_0148
participant_175; prostatex_dataset_skyra_pp_skyra; participant_0120
participant_176; prostatex_dataset_skyra_pp_skyra; participant_0070
participant_177; prostatex_dataset_skyra_pp_skyra; participant_0173
participant_178; prostatex_dataset_skyra_pp_skyra; participant_0015
participant_179; prostatex_dataset_skyra_pp_skyra; participant_0040
participant_180; prostatex_dataset_skyra_pp_skyra; participant_0020
participant_181; prostatex_dataset_skyra_pp_skyra; participant_0110
participant_182; prostatex_dataset_skyra_pp_skyra; participant_0156
participant_183; prostatex_dataset_skyra_pp_skyra; participant_0182
participant_184; prostatex_dataset_skyra_pp_skyra; participant_0131
participant_185; prostatex_dataset_skyra_pp_skyra; participant_0092
participant_186; prostatex_dataset_skyra_pp_skyra; participant_0132
participant_187; prostatex_dataset_skyra_pp_skyra; participant_0147
participant_188; prostatex_dataset_skyra_pp_skyra; participant_0118
participant_189; prostatex_dataset_skyra_pp_skyra; participant_0137
participant_190; prostatex_dataset_skyra_pp_skyra; participant_0168
participant_191; prostatex_dataset_skyra_pp_skyra; participant_0193
participant_192; prostatex_dataset_skyra_pp_skyra; participant_0122
participant_193; prostatex_dataset_skyra_pp_skyra; participant_0026
participant_194; prostatex_dataset_skyra_pp_skyra; participant_0064
participant_195; prostatex_dataset_skyra_pp_skyra; participant_0011
participant_196; prostatex_dataset_skyra_pp_skyra; participant_0099
participant_197; prostatex_dataset_skyra_pp_skyra; participant_0175
participant_198; prostatex_dataset_skyra_pp_skyra; participant_0152
participant_199; prostatex_dataset_skyra_pp_skyra; participant_0183
participant_200; prostatex_dataset_skyra_pp_skyra; participant_0198
participant_201; prostatex_dataset_skyra_pp_skyra; participant_0111
participant_202; prostatex_dataset_skyra_pp_skyra; participant_0052
participant_203; prostatex_dataset_skyra_pp_skyra; participant_0018
participant_204; prostatex_dataset_skyra_pp_skyra; participant_0044
participant_205; prostatex_dataset_skyra_pp_skyra; participant_0002
participant_206; prostatex_dataset_skyra_pp_skyra; participant_0055
participant_207; prostatex_dataset_skyra_pp_skyra; participant_0139
participant_208; prostatex_dataset_skyra_pp_skyra; participant_0184
participant_209; prostatex_dataset_skyra_pp_skyra; participant_0172
participant_210; prostatex_dataset_skyra_pp_skyra; participant_0124
participant_211; prostatex_dataset_skyra_pp_skyra; participant_0145
participant_212; prostatex_dataset_skyra_pp_skyra; participant_0030
participant_213; prostatex_dataset_skyra_pp_skyra; participant_0039
participant_214; prostatex_dataset_skyra_pp_skyra; participant_0129
participant_215; prostatex_dataset_skyra_pp_skyra; participant_0174
participant_216; prostatex_dataset_skyra_pp_skyra; participant_0063
participant_217; prostatex_dataset_skyra_pp_skyra; participant_0154
participant_218; prostatex_dataset_skyra_pp_skyra; participant_0158
participant_219; prostatex_dataset_skyra_pp_skyra; participant_0034
participant_220; prostatex_dataset_skyra_pp_skyra; participant_0079
participant_221; prostatex_dataset_skyra_pp_skyra; participant_0095
participant_222; prostatex_dataset_skyra_pp_skyra; participant_0112
participant_223; prostatex_dataset_skyra_pp_skyra; participant_0038
participant_224; prostatex_dataset_skyra_pp_skyra; participant_0032
participant_225; prostatex_dataset_skyra_pp_skyra; participant_0023
participant_226; prostatex_dataset_skyra_pp_skyra; participant_0072
participant_227; prostatex_dataset_skyra_pp_skyra; participant_0134
participant_228; prostatex_dataset_skyra_pp_skyra; participant_0104
participant_229; prostatex_dataset_skyra_pp_skyra; participant_0066
participant_230; prostatex_dataset_skyra_pp_skyra; participant_0138
participant_231; prostatex_dataset_skyra_pp_skyra; participant_0065
participant_232; prostatex_dataset_skyra_pp_skyra; participant_0006
participant_233; prostatex_dataset_skyra_pp_skyra; participant_0067
participant_234; prostatex_dataset_skyra_pp_skyra; participant_0007
participant_235; prostatex_dataset_skyra_pp_skyra; participant_0009
participant_236; prostatex_dataset_skyra_pp_skyra; participant_0097
participant_237; prostatex_dataset_skyra_pp_skyra; participant_0115
participant_238; prostatex_dataset_skyra_pp_skyra; participant_0049
participant_239; prostatex_dataset_skyra_pp_skyra; participant_0036
participant_240; prostatex_dataset_skyra_pp_skyra; participant_0144
participant_241; prostatex_dataset_skyra_pp_skyra; participant_0108
participant_242; prostatex_dataset_skyra_pp_skyra; participant_0180
participant_243; prostatex_dataset_skyra_pp_skyra; participant_0077
participant_244; prostatex_dataset_skyra_pp_skyra; participant_0150
participant_245; prostatex_dataset_skyra_pp_skyra; participant_0170
participant_246; prostatex_dataset_skyra_pp_skyra; participant_0084
participant_247; prostatex_dataset_skyra_pp_skyra; participant_0196
participant_248; prostatex_dataset_skyra_pp_skyra; participant_0189
participant_249; prostatex_dataset_skyra_pp_skyra; participant_0058
participant_250; prostatex_dataset_skyra_pp_skyra; participant_0141
participant_251; prostatex_dataset_skyra_pp_skyra; participant_0107
participant_252; prostatex_dataset_skyra_pp_skyra; participant_0047
participant_253; prostatex_dataset_skyra_pp_skyra; participant_0167
participant_254; prostatex_dataset_skyra_pp_skyra; participant_0082
participant_255; prostatex_dataset_skyra_pp_skyra; participant_0113
participant_256; prostatex_dataset_skyra_pp_skyra; participant_0191
participant_257; prostatex_dataset_skyra_pp_skyra; participant_0024
participant_258; prostatex_dataset_skyra_pp_skyra; participant_0033
participant_259; prostatex_dataset_skyra_pp_skyra; participant_0109
participant_260; prostatex_dataset_skyra_pp_skyra; participant_0001
participant_261; prostatex_dataset_skyra_pp_skyra; participant_0042
participant_262; prostatex_dataset_skyra_pp_skyra; participant_0017
participant_263; prostatex_dataset_skyra_pp_skyra; participant_0178
participant_264; prostatex_dataset_skyra_pp_skyra; participant_0013
participant_265; prostatex_dataset_skyra_pp_skyra; participant_0130
