,FOLDER_NAME
0,participant_0
1,participant_1
2,participant_3
3,participant_4
4,participant_5
5,participant_6
6,participant_7
7,participant_8
8,participant_10
9,participant_13
10,participant_14
11,participant_15
12,participant_16
13,participant_18
14,participant_19
15,participant_20
16,participant_21
17,participant_22
18,participant_24
19,participant_25
20,participant_26
21,participant_27
22,participant_29
23,participant_30
24,participant_31
0,participant_60
1,participant_61
2,participant_62
3,participant_64
4,participant_65
5,participant_67
6,participant_68
7,participant_69
8,participant_70
9,participant_71
10,participant_72
11,participant_74
12,participant_77
13,participant_78
14,participant_79
15,participant_80
16,participant_81
0,participant_34
1,participant_35
2,participant_36
3,participant_37
4,participant_38
5,participant_39
6,participant_40
7,participant_41
8,participant_43
9,participant_45
10,participant_46
11,participant_47
12,participant_48
13,participant_49
14,participant_50
15,participant_51
16,participant_52
17,participant_53
18,participant_54
19,participant_57
20,participant_58
0,participant_82
1,participant_83
2,participant_84
3,participant_85
4,participant_86
5,participant_87
6,participant_88
7,participant_89
8,participant_91
9,participant_93
10,participant_94
11,participant_95
12,participant_96
13,participant_98
14,participant_100
15,participant_101
16,participant_102
17,participant_103
18,participant_104
19,participant_105
20,participant_106
21,participant_109
22,participant_110
23,participant_111
24,participant_112
25,participant_113
26,participant_114
27,participant_115
28,participant_116
29,participant_117
30,participant_118
31,participant_119
32,participant_120
33,participant_122
34,participant_123
35,participant_124
36,participant_125
37,participant_126
38,participant_127
39,participant_131
40,participant_132
41,participant_133
42,participant_134
43,participant_135
44,participant_136
45,participant_137
46,participant_138
47,participant_139
48,participant_140
49,participant_141
50,participant_142
51,participant_143
52,participant_144
53,participant_145
54,participant_147
55,participant_148
56,participant_149
57,participant_150
58,participant_152
59,participant_153
60,participant_154
61,participant_155
62,participant_156
63,participant_157
64,participant_158
65,participant_159
66,participant_163
67,participant_164
68,participant_167
69,participant_168
70,participant_170
71,participant_172
72,participant_174
73,participant_175
74,participant_177
75,participant_178
76,participant_180
77,participant_181
78,participant_182
79,participant_183
80,participant_184
81,participant_185
82,participant_186
83,participant_187
84,participant_188
85,participant_189
86,participant_190
87,participant_191
88,participant_192
89,participant_193
90,participant_195
91,participant_196
92,participant_197
93,participant_198
94,participant_199
95,participant_200
96,participant_201
97,participant_203
98,participant_205
99,participant_207
100,participant_208
101,participant_209
102,participant_210
103,participant_211
104,participant_212
105,participant_214
106,participant_215
107,participant_217
108,participant_218
109,participant_219
110,participant_220
111,participant_221
112,participant_222
113,participant_224
114,participant_225
115,participant_227
116,participant_228
117,participant_230
118,participant_232
119,participant_234
120,participant_235
121,participant_236
122,participant_237
123,participant_239
124,participant_240
125,participant_241
126,participant_242
127,participant_243
128,participant_244
129,participant_245
130,participant_246
131,participant_247
132,participant_248
133,participant_250
134,participant_251
135,participant_253
136,participant_254
137,participant_255
138,participant_256
139,participant_257
140,participant_258
141,participant_259
142,participant_260
143,participant_262
144,participant_263
145,participant_264
146,participant_265
